01-diff-check	0	2026-08-30T03:04:38Z	2026-08-30T03:04:38Z
02-gofmt	0	2026-08-30T03:04:38Z	2026-08-30T03:04:38Z
03-controller-focused	0	2026-08-30T03:04:38Z	2026-08-30T03:04:47Z
04-full-race	0	2026-08-30T03:04:47Z	2026-08-30T03:05:42Z
05-make-test	0	2026-08-30T03:05:42Z	2026-08-30T03:05:44Z
05b-periodic-receipt-recheck	0	2026-08-30T03:05:44Z	2026-08-30T03:05:50Z
06-make-check	0	2026-08-30T03:05:50Z	2026-08-30T03:05:52Z
07-make-build	0	2026-08-30T03:05:52Z	2026-08-30T03:05:52Z
08-p10-focused-race	0	2026-08-30T03:05:52Z	2026-08-30T03:06:17Z
09-m1-walking-skeleton	0	2026-08-30T03:06:17Z	2026-08-30T03:06:19Z
10-agent-race-stress	0	2026-08-30T03:06:19Z	2026-08-30T03:06:41Z
11-controller-stress	0	2026-08-30T03:06:41Z	2026-08-30T03:07:29Z
12-m1-stress	0	2026-08-30T03:07:29Z	2026-08-30T03:07:36Z
13-govulncheck	125	2026-08-30T03:07:36Z	2026-08-30T03:07:36Z
14-netns-integration	125	2026-08-30T03:07:36Z	2026-08-30T03:07:36Z
