01-diff-check	0	2026-08-29T17:07:32Z	2026-08-29T17:07:32Z
02-gofmt	0	2026-08-29T17:07:32Z	2026-08-29T17:07:32Z
03-controller-focused	0	2026-08-29T17:07:32Z	2026-08-29T17:07:41Z
04-full-race	0	2026-08-29T17:07:41Z	2026-08-29T17:08:37Z
05-make-test	0	2026-08-29T17:08:37Z	2026-08-29T17:08:38Z
06-make-check	0	2026-08-29T17:08:38Z	2026-08-29T17:08:40Z
07-make-build	0	2026-08-29T17:08:40Z	2026-08-29T17:08:40Z
08-p10-focused-race	0	2026-08-29T17:08:40Z	2026-08-29T17:09:04Z
09-m1-walking-skeleton	0	2026-08-29T17:09:04Z	2026-08-29T17:09:06Z
10-agent-race-stress	0	2026-08-29T17:09:06Z	2026-08-29T17:09:27Z
11-controller-stress	0	2026-08-29T17:09:27Z	2026-08-29T17:10:14Z
12-m1-stress	0	2026-08-29T17:10:14Z	2026-08-29T17:10:21Z
13-govulncheck	125	2026-08-29T17:10:21Z	2026-08-29T17:10:21Z
14-netns-integration	125	2026-08-29T17:10:21Z	2026-08-29T17:10:21Z
